gene,log2FC,known_isg,importance,hallmark_ifn_alpha,hallmark_ifn_gamma,in_public_ifn_signature
GENE0015,3.502297963466554,False,3.502297963466554,False,False,False
MX1,3.1794740427784367,True,3.1794740427784367,True,False,True
GENE0041,2.681752603785879,False,2.681752603785879,False,False,False
GENE0045,2.6389611070373933,False,2.6389611070373933,False,False,False
GENE0018,2.525345467774927,False,2.525345467774927,False,False,False
RSAD2,2.514278088874472,True,2.514278088874472,True,False,True
GENE0008,2.491569702278867,False,2.491569702278867,False,False,False
STAT1,2.486683178960975,True,2.486683178960975,True,True,True
GENE0036,2.48478470831387,False,2.48478470831387,False,False,False
GENE0040,2.4622178597691704,False,2.4622178597691704,False,False,False
GENE0021,2.459469094187342,False,2.459469094187342,False,False,False
GENE0043,2.429322087079094,False,2.429322087079094,False,False,False
GENE0003,2.4037583296806213,False,2.4037583296806213,False,False,False
GENE0005,2.401267759566246,False,2.401267759566246,False,False,False
GENE0013,2.3532398002743298,False,2.3532398002743298,False,False,False
GENE0047,2.3356724425579465,False,2.3356724425579465,False,False,False
IRF7,2.3334158055513843,True,2.3334158055513843,True,True,True
GENE0034,2.332630530698763,False,2.332630530698763,False,False,False
GENE0025,2.3052961713119986,False,2.3052961713119986,False,False,False
GENE0042,2.2290470897266372,False,2.2290470897266372,False,False,False
GENE0046,2.226669657551819,False,2.226669657551819,False,False,False
GENE0007,2.1950387289324285,False,2.1950387289324285,False,False,False
ISG15,2.1905123055645133,True,2.1905123055645133,True,False,True
GENE0017,2.1894082640922594,False,2.1894082640922594,False,False,False
GENE0019,2.1746714973832137,False,2.1746714973832137,False,False,False
IFI44,2.1186172722297076,True,2.1186172722297076,False,False,False
GENE0001,2.0730042872567624,False,2.0730042872567624,False,False,False
OAS1,2.071525056503125,True,2.071525056503125,True,False,True
GENE0002,2.044463459870016,False,2.044463459870016,False,False,False
GENE0024,2.036979723558418,False,2.036979723558418,False,False,False
GENE0006,2.0346633670928327,False,2.0346633670928327,False,False,False
GENE0028,2.034207415886783,False,2.034207415886783,False,False,False
GENE0016,2.02998070539259,False,2.02998070539259,False,False,False
GENE0035,2.017133415225159,False,2.017133415225159,False,False,False
GENE0031,1.9739083993555775,False,1.9739083993555775,False,False,False
IFITM1,1.9729847101634848,True,1.9729847101634848,True,True,True
GENE0020,1.9624331549856704,False,1.9624331549856704,False,False,False
GENE0022,1.9403098451372331,False,1.9403098451372331,False,False,False
GENE0000,1.897982431897133,False,1.897982431897133,False,False,False
GENE0014,1.889365601448901,False,1.889365601448901,False,False,False
GENE0010,1.8753113613382704,False,1.8753113613382704,False,False,False
BST2,1.848759661869111,True,1.848759661869111,True,False,True
GENE0023,1.848202917957728,False,1.848202917957728,False,False,False
IFIT1,1.847224063379324,True,1.847224063379324,False,False,False
GENE0012,1.8453233725171616,False,1.8453233725171616,False,False,False
GENE0033,1.815932844027217,False,1.815932844027217,False,False,False
GENE0030,1.8025512527767995,False,1.8025512527767995,False,False,False
GENE0032,1.7543332822304984,False,1.7543332822304984,False,False,False
GENE0029,1.7436496529804826,False,1.7436496529804826,False,False,False
GENE0026,1.7391475928703397,False,1.7391475928703397,False,False,False
GENE0011,1.6624943558330978,False,1.6624943558330978,False,False,False
GENE0009,1.605444100715217,False,1.605444100715217,False,False,False
GENE0037,1.533703502320038,False,1.533703502320038,False,False,False
GENE0038,1.5033249541245173,False,1.5033249541245173,False,False,False
GENE0049,1.3940526771920574,False,1.3940526771920574,False,False,False
GENE0227,-1.382590137234934,False,1.382590137234934,False,False,False
GENE0407,-1.38205675932314,False,1.38205675932314,False,False,False
GENE0004,1.372450231697103,False,1.372450231697103,False,False,False
GENE0611,-1.3471790903648326,False,1.3471790903648326,False,False,False
GENE0323,-1.2958538174915493,False,1.2958538174915493,False,False,False
GENE0048,1.280434113078751,False,1.280434113078751,False,False,False
GENE0027,1.2556446444753453,False,1.2556446444753453,False,False,False
GENE0558,-1.2375449168951178,False,1.2375449168951178,False,False,False
GENE0044,1.1919103808666724,False,1.1919103808666724,False,False,False
GENE0247,-1.1888938445931787,False,1.1888938445931787,False,False,False
GENE0039,1.176008142485152,False,1.176008142485152,False,False,False
GENE0480,1.1560233228429275,False,1.1560233228429275,False,False,False
GENE0662,-1.1351548612120457,False,1.1351548612120457,False,False,False
GENE0683,1.125559035962124,False,1.125559035962124,False,False,False
GENE0722,1.1201366704277724,False,1.1201366704277724,False,False,False
GENE0106,-1.1139001606829932,False,1.1139001606829932,False,False,False
GENE0086,1.0814938866340222,False,1.0814938866340222,False,False,False
GENE0584,1.0367562248326037,False,1.0367562248326037,False,False,False
GENE0474,-1.0264764542572182,False,1.0264764542572182,False,False,False
GENE0539,-1.0222712653729893,False,1.0222712653729893,False,False,False
GENE0542,-1.009658856811,False,1.009658856811,False,False,False
GENE0645,1.007728105844114,False,1.007728105844114,False,False,False
GENE0243,1.0071491884913837,False,1.0071491884913837,False,False,False
GENE0596,0.995027435685036,False,0.995027435685036,False,False,False
GENE0413,-0.9854770889583452,False,0.9854770889583452,False,False,False
GENE0642,-0.983373737557386,False,0.983373737557386,False,False,False
GENE0071,-0.9717101250887508,False,0.9717101250887508,False,False,False
GENE0205,-0.971211473512362,False,0.971211473512362,False,False,False
GENE0466,0.9661883984371364,False,0.9661883984371364,False,False,False
GENE0343,-0.9610814164032088,False,0.9610814164032088,False,False,False
GENE0521,0.9458023279687184,False,0.9458023279687184,False,False,False
GENE0233,-0.9435951719752538,False,0.9435951719752538,False,False,False
GENE0239,-0.9402924545645464,False,0.9402924545645464,False,False,False
GENE0451,-0.9296056662766494,False,0.9296056662766494,False,False,False
GENE0066,0.9274072863543044,False,0.9274072863543044,False,False,False
GENE0070,-0.9137506946817392,False,0.9137506946817392,False,False,False
GENE0516,0.9133676929233844,False,0.9133676929233844,False,False,False
GENE0536,-0.911614946279121,False,0.911614946279121,False,False,False
GENE0162,-0.9096892890448096,False,0.9096892890448096,False,False,False
GENE0276,0.9045033673712072,False,0.9045033673712072,False,False,False
GENE0649,0.9010928014305124,False,0.9010928014305124,False,False,False
GENE0601,0.8988118360800472,False,0.8988118360800472,False,False,False
GENE0321,0.8984740627824372,False,0.8984740627824372,False,False,False
GENE0420,0.8882636766534899,False,0.8882636766534899,False,False,False
GENE0322,-0.8807293308372142,False,0.8807293308372142,False,False,False
GENE0208,0.8771543423214929,False,0.8771543423214929,False,False,False
GENE0528,-0.8757413727955541,False,0.8757413727955541,False,False,False
GENE0325,0.8574346158818571,False,0.8574346158818571,False,False,False
GENE0784,-0.8536744644228742,False,0.8536744644228742,False,False,False
GENE0437,0.835986564017273,False,0.835986564017273,False,False,False
GENE0630,-0.8338147186314613,False,0.8338147186314613,False,False,False
GENE0405,-0.8334445211820096,False,0.8334445211820096,False,False,False
GENE0640,0.8277323523380078,False,0.8277323523380078,False,False,False
GENE0484,-0.8269476238528704,False,0.8269476238528704,False,False,False
GENE0747,-0.8254290213151751,False,0.8254290213151751,False,False,False
GENE0055,-0.8242563444318085,False,0.8242563444318085,False,False,False
GENE0574,0.8138634968808471,False,0.8138634968808471,False,False,False
GENE0486,0.8126068505291126,False,0.8126068505291126,False,False,False
GENE0065,0.8119816948557128,False,0.8119816948557128,False,False,False
GENE0577,0.8118672368520503,False,0.8118672368520503,False,False,False
GENE0658,0.8082320795234477,False,0.8082320795234477,False,False,False
GENE0583,-0.8022779741030197,False,0.8022779741030197,False,False,False
GENE0284,-0.8020576744153418,False,0.8020576744153418,False,False,False
GENE0711,0.8014806841250639,False,0.8014806841250639,False,False,False
GENE0395,-0.7999467023941396,False,0.7999467023941396,False,False,False
GENE0177,-0.7945351472195679,False,0.7945351472195679,False,False,False
GENE0476,0.7924539467977239,False,0.7924539467977239,False,False,False
GENE0346,-0.7860170903813541,False,0.7860170903813541,False,False,False
GENE0118,0.7838807639858558,False,0.7838807639858558,False,False,False
GENE0297,0.7836691245419445,False,0.7836691245419445,False,False,False
GENE0547,-0.7615143372994941,False,0.7615143372994941,False,False,False
GENE0524,0.7609358478518109,False,0.7609358478518109,False,False,False
GENE0657,0.7548643339900645,False,0.7548643339900645,False,False,False
GENE0717,-0.7479571950308408,False,0.7479571950308408,False,False,False
GENE0590,0.7478298266609649,False,0.7478298266609649,False,False,False
GENE0237,-0.7460416593046864,False,0.7460416593046864,False,False,False
GENE0268,-0.7444961311254197,False,0.7444961311254197,False,False,False
GENE0628,0.7443473542917509,False,0.7443473542917509,False,False,False
GENE0344,-0.7443367142220172,False,0.7443367142220172,False,False,False
GENE0467,-0.7377779421408173,False,0.7377779421408173,False,False,False
GENE0673,0.7274770510204274,False,0.7274770510204274,False,False,False
GENE0225,0.7255342407745653,False,0.7255342407745653,False,False,False
GENE0186,0.7216249462569548,False,0.7216249462569548,False,False,False
GENE0669,-0.7209126057635071,False,0.7209126057635071,False,False,False
GENE0072,-0.7198535396743431,False,0.7198535396743431,False,False,False
GENE0429,-0.7169698222852388,False,0.7169698222852388,False,False,False
GENE0606,-0.7166800151206951,False,0.7166800151206951,False,False,False
GENE0442,-0.7054347951581006,False,0.7054347951581006,False,False,False
GENE0700,0.7052452078635509,False,0.7052452078635509,False,False,False
GENE0354,-0.7024453651180815,False,0.7024453651180815,False,False,False
GENE0712,-0.7015276138098816,False,0.7015276138098816,False,False,False
GENE0253,0.6990113122285013,False,0.6990113122285013,False,False,False
GENE0587,0.6941793454552414,False,0.6941793454552414,False,False,False
GENE0090,0.6938438988042659,False,0.6938438988042659,False,False,False
GENE0174,-0.6933976038343248,False,0.6933976038343248,False,False,False
GENE0426,0.6929781619479352,False,0.6929781619479352,False,False,False
GENE0573,-0.6924457558977011,False,0.6924457558977011,False,False,False
GENE0756,-0.6902444253300786,False,0.6902444253300786,False,False,False
GENE0694,0.6899387538706501,False,0.6899387538706501,False,False,False
GENE0766,0.6872708918279162,False,0.6872708918279162,False,False,False
GENE0684,0.6828225175051008,False,0.6828225175051008,False,False,False
GENE0680,-0.6818876083464813,False,0.6818876083464813,False,False,False
GENE0384,-0.6800454887943745,False,0.6800454887943745,False,False,False
GENE0241,-0.678110489379641,False,0.678110489379641,False,False,False
GENE0312,0.6762430117320166,False,0.6762430117320166,False,False,False
GENE0210,0.6722527423838969,False,0.6722527423838969,False,False,False
GENE0762,0.6715573334383143,False,0.6715573334383143,False,False,False
GENE0636,0.6697442828635118,False,0.6697442828635118,False,False,False
GENE0067,0.6690199860316204,False,0.6690199860316204,False,False,False
GENE0336,-0.6663415692669874,False,0.6663415692669874,False,False,False
GENE0126,0.6662081147910044,False,0.6662081147910044,False,False,False
GENE0515,0.6588140807329692,False,0.6588140807329692,False,False,False
GENE0478,0.6570643390428801,False,0.6570643390428801,False,False,False
GENE0281,-0.6565246171118311,False,0.6565246171118311,False,False,False
GENE0402,0.6507175788611139,False,0.6507175788611139,False,False,False
GENE0564,-0.6495181782744659,False,0.6495181782744659,False,False,False
GENE0356,-0.6478608156653083,False,0.6478608156653083,False,False,False
GENE0129,-0.6477028791668626,False,0.6477028791668626,False,False,False
GENE0674,-0.6476090295155466,False,0.6476090295155466,False,False,False
GENE0362,0.6468897936048013,False,0.6468897936048013,False,False,False
GENE0202,0.6456941152677835,False,0.6456941152677835,False,False,False
GENE0458,0.6430859661999744,False,0.6430859661999744,False,False,False
GENE0262,0.6380601340997769,False,0.6380601340997769,False,False,False
GENE0623,-0.6373911641783838,False,0.6373911641783838,False,False,False
GENE0236,0.6360952581257884,False,0.6360952581257884,False,False,False
GENE0698,0.6338936446934884,False,0.6338936446934884,False,False,False
GENE0318,-0.6327554742310539,False,0.6327554742310539,False,False,False
GENE0553,0.6324843645273228,False,0.6324843645273228,False,False,False
GENE0638,-0.631867517208768,False,0.631867517208768,False,False,False
GENE0166,-0.630027640159657,False,0.630027640159657,False,False,False
GENE0204,0.6255665502138417,False,0.6255665502138417,False,False,False
GENE0203,0.6247593799472417,False,0.6247593799472417,False,False,False
GENE0292,-0.622042938197743,False,0.622042938197743,False,False,False
GENE0219,0.6200240927374185,False,0.6200240927374185,False,False,False
GENE0571,-0.6186896432184081,False,0.6186896432184081,False,False,False
GENE0132,-0.6182211869807119,False,0.6182211869807119,False,False,False
GENE0635,-0.6179116059475378,False,0.6179116059475378,False,False,False
GENE0647,0.6175739011417587,False,0.6175739011417587,False,False,False
GENE0641,-0.6148236379296481,False,0.6148236379296481,False,False,False
GENE0170,-0.6121439951066385,False,0.6121439951066385,False,False,False
GENE0248,0.6094049386155511,False,0.6094049386155511,False,False,False
GENE0157,0.6077069577201009,False,0.6077069577201009,False,False,False
GENE0256,0.6072886131393771,False,0.6072886131393771,False,False,False
GENE0506,0.6057214526665371,False,0.6057214526665371,False,False,False
GENE0489,0.6054031866838949,False,0.6054031866838949,False,False,False
GENE0485,0.6039630309002799,False,0.6039630309002799,False,False,False
GENE0111,0.6035847904304896,False,0.6035847904304896,False,False,False
GENE0142,-0.6027641881949961,False,0.6027641881949961,False,False,False
GENE0196,0.6014770731823509,False,0.6014770731823509,False,False,False
GENE0378,-0.5978709365034636,False,0.5978709365034636,False,False,False
GENE0266,-0.5937278220782485,False,0.5937278220782485,False,False,False
GENE0696,0.5921070350379871,False,0.5921070350379871,False,False,False
GENE0561,0.5913831005055812,False,0.5913831005055812,False,False,False
GENE0304,0.5904925283723879,False,0.5904925283723879,False,False,False
GENE0450,0.5890394957415985,False,0.5890394957415985,False,False,False
GENE0152,-0.58891778672238,False,0.58891778672238,False,False,False
GENE0211,-0.5881020949561044,False,0.5881020949561044,False,False,False
GENE0525,0.586515193395531,False,0.586515193395531,False,False,False
GENE0733,-0.585853993372254,False,0.585853993372254,False,False,False
GENE0087,0.5853682556744069,False,0.5853682556744069,False,False,False
GENE0689,0.5824192217422635,False,0.5824192217422635,False,False,False
GENE0085,-0.5786976266910218,False,0.5786976266910218,False,False,False
GENE0169,0.5781743367214034,False,0.5781743367214034,False,False,False
GENE0270,0.5760548430743313,False,0.5760548430743313,False,False,False
GENE0120,0.572557697752818,False,0.572557697752818,False,False,False
GENE0183,0.571042746668109,False,0.571042746668109,False,False,False
GENE0136,0.5672389282712889,False,0.5672389282712889,False,False,False
GENE0715,-0.5657094082658292,False,0.5657094082658292,False,False,False
GENE0390,0.562664575849583,False,0.562664575849583,False,False,False
GENE0505,-0.5607511056183956,False,0.5607511056183956,False,False,False
GENE0531,-0.5597593315298273,False,0.5597593315298273,False,False,False
GENE0716,0.5590844221076559,False,0.5590844221076559,False,False,False
GENE0543,-0.5583919554950265,False,0.5583919554950265,False,False,False
GENE0167,0.5579440893416923,False,0.5579440893416923,False,False,False
GENE0302,-0.5553787304001432,False,0.5553787304001432,False,False,False
GENE0375,-0.5537962880593215,False,0.5537962880593215,False,False,False
GENE0081,0.5535148719833147,False,0.5535148719833147,False,False,False
GENE0218,0.5534042414768692,False,0.5534042414768692,False,False,False
GENE0386,-0.5530505804558885,False,0.5530505804558885,False,False,False
GENE0714,0.5516212927307329,False,0.5516212927307329,False,False,False
GENE0578,0.5491636775923787,False,0.5491636775923787,False,False,False
GENE0141,-0.5463322642535875,False,0.5463322642535875,False,False,False
GENE0622,-0.5463137851716411,False,0.5463137851716411,False,False,False
GENE0398,0.546024323240931,False,0.546024323240931,False,False,False
GENE0096,-0.5449911571299282,False,0.5449911571299282,False,False,False
GENE0326,-0.5445684452666395,False,0.5445684452666395,False,False,False
GENE0159,-0.5442228476514064,False,0.5442228476514064,False,False,False
GENE0730,-0.543020458802566,False,0.543020458802566,False,False,False
GENE0306,-0.542611167659568,False,0.542611167659568,False,False,False
GENE0102,0.5421208846398615,False,0.5421208846398615,False,False,False
GENE0672,-0.5401821275031038,False,0.5401821275031038,False,False,False
GENE0251,-0.5400697816725808,False,0.5400697816725808,False,False,False
GENE0088,0.538940786625723,False,0.538940786625723,False,False,False
GENE0679,-0.5370805280530471,False,0.5370805280530471,False,False,False
GENE0423,-0.5321320392223496,False,0.5321320392223496,False,False,False
GENE0609,0.5307900144887467,False,0.5307900144887467,False,False,False
GENE0705,-0.5305654158452464,False,0.5305654158452464,False,False,False
GENE0671,-0.527636205032386,False,0.527636205032386,False,False,False
GENE0605,0.5274549933353638,False,0.5274549933353638,False,False,False
GENE0337,0.524273922338784,False,0.524273922338784,False,False,False
GENE0781,-0.5180079700554527,False,0.5180079700554527,False,False,False
GENE0347,-0.516806145885008,False,0.516806145885008,False,False,False
GENE0380,-0.5134470994124953,False,0.5134470994124953,False,False,False
GENE0282,-0.5093440986357276,False,0.5093440986357276,False,False,False
GENE0776,-0.5085105007362793,False,0.5085105007362793,False,False,False
GENE0165,0.5012051170670411,False,0.5012051170670411,False,False,False
GENE0082,0.5004473854131906,False,0.5004473854131906,False,False,False
GENE0320,-0.4964407909543915,False,0.4964407909543915,False,False,False
GENE0552,0.495099669948539,False,0.495099669948539,False,False,False
GENE0144,0.4935038506605282,False,0.4935038506605282,False,False,False
GENE0074,-0.4931596306443664,False,0.4931596306443664,False,False,False
GENE0706,0.4924139888187895,False,0.4924139888187895,False,False,False
GENE0424,-0.4918112381244288,False,0.4918112381244288,False,False,False
GENE0434,0.4880687718021672,False,0.4880687718021672,False,False,False
GENE0477,-0.4879976946531643,False,0.4879976946531643,False,False,False
GENE0721,-0.4873899409405391,False,0.4873899409405391,False,False,False
GENE0062,0.4866534730479497,False,0.4866534730479497,False,False,False
GENE0463,-0.4812069638229772,False,0.4812069638229772,False,False,False
GENE0191,0.4811780270166217,False,0.4811780270166217,False,False,False
GENE0214,-0.4811725619943132,False,0.4811725619943132,False,False,False
GENE0377,-0.478190370906681,False,0.478190370906681,False,False,False
GENE0729,-0.4780805022955681,False,0.4780805022955681,False,False,False
GENE0436,0.474854583773542,False,0.474854583773542,False,False,False
GENE0150,-0.4746489960390221,False,0.4746489960390221,False,False,False
GENE0481,0.4727596337006021,False,0.4727596337006021,False,False,False
GENE0151,-0.4716545156635545,False,0.4716545156635545,False,False,False
GENE0734,0.4716478052685762,False,0.4716478052685762,False,False,False
GENE0409,0.4715200083968547,False,0.4715200083968547,False,False,False
GENE0576,-0.471416620420463,False,0.471416620420463,False,False,False
GENE0632,-0.4699433755875697,False,0.4699433755875697,False,False,False
GENE0408,-0.4697805127110781,False,0.4697805127110781,False,False,False
GENE0504,0.4635617488784254,False,0.4635617488784254,False,False,False
GENE0510,0.4627615078710105,False,0.4627615078710105,False,False,False
GENE0345,-0.4614302902714735,False,0.4614302902714735,False,False,False
GENE0732,-0.4601398212548808,False,0.4601398212548808,False,False,False
GENE0613,-0.4580466969215448,False,0.4580466969215448,False,False,False
GENE0056,-0.4554152871187673,False,0.4554152871187673,False,False,False
GENE0311,-0.4553076288474464,False,0.4553076288474464,False,False,False
GENE0164,-0.4489346177510578,False,0.4489346177510578,False,False,False
GENE0412,-0.4480109092527806,False,0.4480109092527806,False,False,False
GENE0464,-0.4460285926171368,False,0.4460285926171368,False,False,False
GENE0479,-0.4450159813730874,False,0.4450159813730874,False,False,False
GENE0108,0.4446471815955695,False,0.4446471815955695,False,False,False
GENE0461,-0.4440056807815145,False,0.4440056807815145,False,False,False
GENE0181,-0.4436691326725723,False,0.4436691326725723,False,False,False
GENE0643,-0.4407183271700781,False,0.4407183271700781,False,False,False
GENE0435,0.4391267114958044,False,0.4391267114958044,False,False,False
GENE0549,0.4384398549336694,False,0.4384398549336694,False,False,False
GENE0425,0.4382752430843215,False,0.4382752430843215,False,False,False
GENE0545,0.4373115010499315,False,0.4373115010499315,False,False,False
GENE0206,-0.4370178500858781,False,0.4370178500858781,False,False,False
GENE0569,-0.4368901502593711,False,0.4368901502593711,False,False,False
GENE0300,-0.4368723730751718,False,0.4368723730751718,False,False,False
GENE0104,0.4350602877814262,False,0.4350602877814262,False,False,False
GENE0736,0.4337921367449411,False,0.4337921367449411,False,False,False
GENE0200,0.431217332163591,False,0.431217332163591,False,False,False
GENE0677,-0.4305224117925199,False,0.4305224117925199,False,False,False
GENE0385,0.4304808844947674,False,0.4304808844947674,False,False,False
GENE0365,0.4303386623888796,False,0.4303386623888796,False,False,False
GENE0245,-0.4300373588493613,False,0.4300373588493613,False,False,False
GENE0361,-0.4279897122973963,False,0.4279897122973963,False,False,False
GENE0695,-0.4260951630221221,False,0.4260951630221221,False,False,False
GENE0376,-0.4257896151040459,False,0.4257896151040459,False,False,False
GENE0718,0.4247730838868708,False,0.4247730838868708,False,False,False
GENE0768,0.4213889165340454,False,0.4213889165340454,False,False,False
GENE0274,-0.4209673676898635,False,0.4209673676898635,False,False,False
GENE0765,-0.4198466844229296,False,0.4198466844229296,False,False,False
GENE0757,-0.4193912426731856,False,0.4193912426731856,False,False,False
GENE0392,-0.4168631013388646,False,0.4168631013388646,False,False,False
GENE0770,-0.4155836064819667,False,0.4155836064819667,False,False,False
GENE0246,0.4152443867494639,False,0.4152443867494639,False,False,False
GENE0546,0.4151515558826535,False,0.4151515558826535,False,False,False
GENE0130,0.4147927228601054,False,0.4147927228601054,False,False,False
GENE0254,0.4126179786133859,False,0.4126179786133859,False,False,False
GENE0279,0.4121485835737379,False,0.4121485835737379,False,False,False
GENE0775,-0.4116195354235588,False,0.4116195354235588,False,False,False
GENE0447,-0.4097860747989115,False,0.4097860747989115,False,False,False
GENE0387,-0.4095058223096668,False,0.4095058223096668,False,False,False
GENE0198,0.4093370949755259,False,0.4093370949755259,False,False,False
GENE0555,0.4093125372651549,False,0.4093125372651549,False,False,False
GENE0334,0.4080831513521898,False,0.4080831513521898,False,False,False
GENE0439,-0.4068756086410321,False,0.4068756086410321,False,False,False
GENE0389,0.4061196059007805,False,0.4061196059007805,False,False,False
GENE0453,-0.4052517511662517,False,0.4052517511662517,False,False,False
GENE0355,-0.4050968882370096,False,0.4050968882370096,False,False,False
GENE0061,-0.4047269955837071,False,0.4047269955837071,False,False,False
GENE0213,0.4019724377883236,False,0.4019724377883236,False,False,False
GENE0103,0.401599109333862,False,0.401599109333862,False,False,False
GENE0327,-0.3998429309910456,False,0.3998429309910456,False,False,False
GENE0519,0.3996247257402752,False,0.3996247257402752,False,False,False
GENE0064,-0.3977676053762833,False,0.3977676053762833,False,False,False
GENE0759,-0.3972256593326211,False,0.3972256593326211,False,False,False
GENE0772,-0.3948747761871178,False,0.3948747761871178,False,False,False
GENE0783,-0.3945766897061347,False,0.3945766897061347,False,False,False
GENE0379,-0.393504636464403,False,0.393504636464403,False,False,False
GENE0655,-0.3930605498365089,False,0.3930605498365089,False,False,False
GENE0317,0.3923677851512739,False,0.3923677851512739,False,False,False
GENE0272,-0.3912438494519463,False,0.3912438494519463,False,False,False
GENE0494,-0.3912190026577358,False,0.3912190026577358,False,False,False
GENE0310,-0.3868404710396236,False,0.3868404710396236,False,False,False
GENE0199,0.3863194561355358,False,0.3863194561355358,False,False,False
GENE0563,0.3849788121162865,False,0.3849788121162865,False,False,False
GENE0308,-0.3843907732462925,False,0.3843907732462925,False,False,False
GENE0277,0.3839901522580931,False,0.3839901522580931,False,False,False
GENE0328,-0.383387722773719,False,0.383387722773719,False,False,False
GENE0298,0.3833005179268633,False,0.3833005179268633,False,False,False
GENE0482,0.3829862243050614,False,0.3829862243050614,False,False,False
GENE0735,0.3828549520485715,False,0.3828549520485715,False,False,False
GENE0293,0.3805363603872749,False,0.3805363603872749,False,False,False
GENE0691,0.3803053343705533,False,0.3803053343705533,False,False,False
GENE0275,-0.3799626553731112,False,0.3799626553731112,False,False,False
GENE0741,-0.3794652723833858,False,0.3794652723833858,False,False,False
GENE0742,-0.3791410665594945,False,0.3791410665594945,False,False,False
GENE0374,0.3746974296087657,False,0.3746974296087657,False,False,False
GENE0556,-0.3734424143904675,False,0.3734424143904675,False,False,False
GENE0349,0.3713029136684866,False,0.3713029136684866,False,False,False
GENE0495,-0.3700266953164108,False,0.3700266953164108,False,False,False
GENE0746,0.3699878572798036,False,0.3699878572798036,False,False,False
GENE0682,0.3693484992701608,False,0.3693484992701608,False,False,False
GENE0668,0.3662354208867278,False,0.3662354208867278,False,False,False
GENE0472,0.3657803274716249,False,0.3657803274716249,False,False,False
GENE0350,-0.3613618701128898,False,0.3613618701128898,False,False,False
GENE0180,0.3610171604702126,False,0.3610171604702126,False,False,False
GENE0176,-0.3605247269410352,False,0.3605247269410352,False,False,False
GENE0080,-0.3598173137611145,False,0.3598173137611145,False,False,False
GENE0366,-0.3597441526653835,False,0.3597441526653835,False,False,False
GENE0597,0.3583962178503945,False,0.3583962178503945,False,False,False
GENE0359,-0.358185364801229,False,0.358185364801229,False,False,False
GENE0147,0.3577458341585178,False,0.3577458341585178,False,False,False
GENE0190,-0.3545634795345576,False,0.3545634795345576,False,False,False
GENE0707,0.3542336705783082,False,0.3542336705783082,False,False,False
GENE0230,0.3539324456268904,False,0.3539324456268904,False,False,False
GENE0627,0.353584417656922,False,0.353584417656922,False,False,False
GENE0456,0.3512991475703542,False,0.3512991475703542,False,False,False
GENE0532,0.3510932124231534,False,0.3510932124231534,False,False,False
GENE0763,-0.3508893366089403,False,0.3508893366089403,False,False,False
GENE0369,0.3464522842608195,False,0.3464522842608195,False,False,False
GENE0059,-0.3454511651961107,False,0.3454511651961107,False,False,False
GENE0488,-0.344482131503427,False,0.344482131503427,False,False,False
GENE0769,-0.3425182712594541,False,0.3425182712594541,False,False,False
GENE0278,0.341693878827165,False,0.341693878827165,False,False,False
GENE0134,0.3416646601140796,False,0.3416646601140796,False,False,False
GENE0719,-0.3395754457349786,False,0.3395754457349786,False,False,False
GENE0513,0.3389439457118239,False,0.3389439457118239,False,False,False
GENE0615,-0.3381986691748793,False,0.3381986691748793,False,False,False
GENE0432,0.3376433893542225,False,0.3376433893542225,False,False,False
GENE0178,0.3371381759249727,False,0.3371381759249727,False,False,False
GENE0112,-0.3369311291000132,False,0.3369311291000132,False,False,False
GENE0753,0.3362883669879144,False,0.3362883669879144,False,False,False
GENE0428,0.3355027946579074,False,0.3355027946579074,False,False,False
GENE0631,-0.3349380726780762,False,0.3349380726780762,False,False,False
GENE0619,-0.3346692660251502,False,0.3346692660251502,False,False,False
GENE0644,0.3340862346710844,False,0.3340862346710844,False,False,False
GENE0418,-0.3336596558232765,False,0.3336596558232765,False,False,False
GENE0078,-0.3335319423988832,False,0.3335319423988832,False,False,False
GENE0490,0.3331597872370313,False,0.3331597872370313,False,False,False
GENE0296,0.3311715067421659,False,0.3311715067421659,False,False,False
GENE0579,-0.3309122451312003,False,0.3309122451312003,False,False,False
GENE0491,-0.3301875648881189,False,0.3301875648881189,False,False,False
GENE0124,0.3299069163752453,False,0.3299069163752453,False,False,False
GENE0138,0.3286253000405388,False,0.3286253000405388,False,False,False
GENE0307,-0.3273881499745643,False,0.3273881499745643,False,False,False
GENE0586,-0.3261069693392855,False,0.3261069693392855,False,False,False
GENE0319,0.3258577397788293,False,0.3258577397788293,False,False,False
GENE0537,0.3254173999759837,False,0.3254173999759837,False,False,False
GENE0737,0.3240130334828128,False,0.3240130334828128,False,False,False
GENE0125,-0.3239625267954604,False,0.3239625267954604,False,False,False
GENE0076,-0.3234413882359623,False,0.3234413882359623,False,False,False
GENE0501,0.3227295466661983,False,0.3227295466661983,False,False,False
GENE0713,0.3197822259504939,False,0.3197822259504939,False,False,False
GENE0381,0.3171828716966116,False,0.3171828716966116,False,False,False
GENE0127,0.3159478102607576,False,0.3159478102607576,False,False,False
GENE0431,-0.3154124004616596,False,0.3154124004616596,False,False,False
GENE0179,-0.3139367661867673,False,0.3139367661867673,False,False,False
GENE0666,-0.3139012753882744,False,0.3139012753882744,False,False,False
GENE0352,-0.3131704632935612,False,0.3131704632935612,False,False,False
GENE0575,-0.3122617747471068,False,0.3122617747471068,False,False,False
GENE0748,0.3097943726178576,False,0.3097943726178576,False,False,False
GENE0197,-0.3080746613104503,False,0.3080746613104503,False,False,False
GENE0752,0.307033476166711,False,0.307033476166711,False,False,False
GENE0788,-0.3051753825580938,False,0.3051753825580938,False,False,False
GENE0535,-0.3042808727216659,False,0.3042808727216659,False,False,False
GENE0699,-0.3022647132196434,False,0.3022647132196434,False,False,False
GENE0229,-0.3020971268091079,False,0.3020971268091079,False,False,False
GENE0607,-0.2985565883262691,False,0.2985565883262691,False,False,False
GENE0193,0.296650418157145,False,0.296650418157145,False,False,False
GENE0625,-0.2944852949425396,False,0.2944852949425396,False,False,False
GENE0371,-0.2943511822939335,False,0.2943511822939335,False,False,False
GENE0305,0.2940949694505299,False,0.2940949694505299,False,False,False
GENE0399,0.2931855926271796,False,0.2931855926271796,False,False,False
GENE0261,-0.2930852848982477,False,0.2930852848982477,False,False,False
GENE0562,0.2909788175403598,False,0.2909788175403598,False,False,False
GENE0618,-0.2901102398301214,False,0.2901102398301214,False,False,False
GENE0403,0.2889827230572042,False,0.2889827230572042,False,False,False
GENE0250,-0.2887886469242282,False,0.2887886469242282,False,False,False
GENE0593,-0.288567018820963,False,0.288567018820963,False,False,False
GENE0195,-0.2855172255651661,False,0.2855172255651661,False,False,False
GENE0116,-0.2833289613344227,False,0.2833289613344227,False,False,False
GENE0095,0.282311301776371,False,0.282311301776371,False,False,False
GENE0709,-0.280336603910861,False,0.280336603910861,False,False,False
GENE0602,0.2803254342586445,False,0.2803254342586445,False,False,False
GENE0315,-0.2802882499026999,False,0.2802882499026999,False,False,False
GENE0594,-0.2800719426710749,False,0.2800719426710749,False,False,False
GENE0109,0.2800278940139025,False,0.2800278940139025,False,False,False
GENE0341,0.2794769384437838,False,0.2794769384437838,False,False,False
GENE0598,0.2781744986643062,False,0.2781744986643062,False,False,False
GENE0500,-0.2762915846587974,False,0.2762915846587974,False,False,False
GENE0145,0.2754197015101525,False,0.2754197015101525,False,False,False
GENE0400,-0.2736531111101694,False,0.2736531111101694,False,False,False
GENE0393,-0.2721712084611045,False,0.2721712084611045,False,False,False
GENE0660,-0.2720493389207776,False,0.2720493389207776,False,False,False
GENE0538,0.27097579838874,False,0.27097579838874,False,False,False
GENE0708,-0.2709292884119438,False,0.2709292884119438,False,False,False
GENE0626,-0.2692450563004964,False,0.2692450563004964,False,False,False
GENE0089,0.2683423320588085,False,0.2683423320588085,False,False,False
GENE0650,0.2673465973989861,False,0.2673465973989861,False,False,False
GENE0411,-0.2673294353294588,False,0.2673294353294588,False,False,False
GENE0291,-0.2672525419528799,False,0.2672525419528799,False,False,False
GENE0207,-0.2672413164346814,False,0.2672413164346814,False,False,False
GENE0633,-0.267206750285875,False,0.267206750285875,False,False,False
GENE0468,-0.2646913063659228,False,0.2646913063659228,False,False,False
GENE0289,0.2643969860399213,False,0.2643969860399213,False,False,False
GENE0100,0.2615186514032261,False,0.2615186514032261,False,False,False
GENE0316,0.2606556234952695,False,0.2606556234952695,False,False,False
GENE0075,-0.2576827175584979,False,0.2576827175584979,False,False,False
GENE0069,0.2555868153963905,False,0.2555868153963905,False,False,False
GENE0201,0.2554701587390884,False,0.2554701587390884,False,False,False
GENE0544,0.2551044703638325,False,0.2551044703638325,False,False,False
GENE0249,-0.2548624966593973,False,0.2548624966593973,False,False,False
GENE0287,-0.2545349982539759,False,0.2545349982539759,False,False,False
GENE0648,0.252433102949011,False,0.252433102949011,False,False,False
GENE0427,0.2517687897972296,False,0.2517687897972296,False,False,False
GENE0228,-0.2509912001124084,False,0.2509912001124084,False,False,False
GENE0092,0.2506480465705785,False,0.2506480465705785,False,False,False
GENE0661,0.2502400468047678,False,0.2502400468047678,False,False,False
GENE0745,-0.2498330957845835,False,0.2498330957845835,False,False,False
GENE0614,0.2485020430527758,False,0.2485020430527758,False,False,False
GENE0182,-0.2479948058251802,False,0.2479948058251802,False,False,False
GENE0634,0.2478418371477442,False,0.2478418371477442,False,False,False
GENE0139,0.2478200919459139,False,0.2478200919459139,False,False,False
GENE0761,-0.246218422807253,False,0.246218422807253,False,False,False
GENE0155,-0.2461640673489746,False,0.2461640673489746,False,False,False
GENE0460,-0.2452160961244684,False,0.2452160961244684,False,False,False
GENE0475,0.2449466100473074,False,0.2449466100473074,False,False,False
GENE0107,-0.2441680461800413,False,0.2441680461800413,False,False,False
GENE0221,0.2437191616585083,False,0.2437191616585083,False,False,False
GENE0526,-0.2435737109590983,False,0.2435737109590983,False,False,False
GENE0226,-0.2435037264533104,False,0.2435037264533104,False,False,False
GENE0340,0.2422106888586199,False,0.2422106888586199,False,False,False
GENE0518,0.2392612813748451,False,0.2392612813748451,False,False,False
GENE0259,0.2388566710853341,False,0.2388566710853341,False,False,False
GENE0690,-0.2382426633171999,False,0.2382426633171999,False,False,False
GENE0637,-0.2370386541840945,False,0.2370386541840945,False,False,False
GENE0185,-0.236934559564796,False,0.236934559564796,False,False,False
GENE0286,-0.236165739875096,False,0.236165739875096,False,False,False
GENE0101,0.2359168662121149,False,0.2359168662121149,False,False,False
GENE0687,-0.2355508853437564,False,0.2355508853437564,False,False,False
GENE0760,0.2345108197364327,False,0.2345108197364327,False,False,False
GENE0787,-0.2339466297613457,False,0.2339466297613457,False,False,False
GENE0093,0.2333008416530342,False,0.2333008416530342,False,False,False
GENE0404,0.231121550221431,False,0.231121550221431,False,False,False
GENE0685,-0.2299446119744814,False,0.2299446119744814,False,False,False
GENE0368,-0.2297729709366072,False,0.2297729709366072,False,False,False
GENE0223,0.2295389303993937,False,0.2295389303993937,False,False,False
GENE0469,-0.2284697419036119,False,0.2284697419036119,False,False,False
GENE0557,0.2267603875707626,False,0.2267603875707626,False,False,False
GENE0681,0.2261306546747148,False,0.2261306546747148,False,False,False
GENE0446,0.2259226323053136,False,0.2259226323053136,False,False,False
GENE0063,-0.22589339189404,False,0.22589339189404,False,False,False
GENE0156,-0.220752572211043,False,0.220752572211043,False,False,False
GENE0084,-0.2201602201892711,False,0.2201602201892711,False,False,False
GENE0779,0.2179267002326179,False,0.2179267002326179,False,False,False
GENE0499,-0.2174965413010383,False,0.2174965413010383,False,False,False
GENE0419,-0.2170673343041986,False,0.2170673343041986,False,False,False
GENE0726,-0.2163284149255435,False,0.2163284149255435,False,False,False
GENE0285,-0.2158469464827828,False,0.2158469464827828,False,False,False
GENE0503,0.2144608717506262,False,0.2144608717506262,False,False,False
GENE0154,0.214267687193784,False,0.214267687193784,False,False,False
GENE0724,0.2101497209946643,False,0.2101497209946643,False,False,False
GENE0294,0.2100103940781874,False,0.2100103940781874,False,False,False
GENE0570,-0.209080525475338,False,0.209080525475338,False,False,False
GENE0610,0.2085417646720611,False,0.2085417646720611,False,False,False
GENE0592,0.2077660357225568,False,0.2077660357225568,False,False,False
GENE0060,-0.2071890575229877,False,0.2071890575229877,False,False,False
GENE0244,0.2070423752899843,False,0.2070423752899843,False,False,False
GENE0264,-0.2063215457824334,False,0.2063215457824334,False,False,False
GENE0548,0.2059846869386072,False,0.2059846869386072,False,False,False
GENE0105,-0.2056931870228409,False,0.2056931870228409,False,False,False
GENE0509,-0.2039298668909248,False,0.2039298668909248,False,False,False
GENE0465,0.2031222599604589,False,0.2031222599604589,False,False,False
GENE0415,-0.2031084609575977,False,0.2031084609575977,False,False,False
GENE0188,-0.2021738781578568,False,0.2021738781578568,False,False,False
GENE0725,0.2020075492451072,False,0.2020075492451072,False,False,False
GENE0260,-0.2007575081446608,False,0.2007575081446608,False,False,False
GENE0158,0.2005254970868968,False,0.2005254970868968,False,False,False
GENE0263,0.1994117293812172,False,0.1994117293812172,False,False,False
GENE0215,-0.1991473499403451,False,0.1991473499403451,False,False,False
GENE0357,-0.1982047817933745,False,0.1982047817933745,False,False,False
GENE0676,0.1978267474334023,False,0.1978267474334023,False,False,False
GENE0172,0.1951903056635444,False,0.1951903056635444,False,False,False
GENE0364,-0.1938462556387277,False,0.1938462556387277,False,False,False
GENE0079,-0.192440628840953,False,0.192440628840953,False,False,False
GENE0394,0.1916587040142143,False,0.1916587040142143,False,False,False
GENE0470,0.1913969064873342,False,0.1913969064873342,False,False,False
GENE0529,0.190838640903169,False,0.190838640903169,False,False,False
GENE0697,-0.1899808330097183,False,0.1899808330097183,False,False,False
GENE0582,0.1880660778124934,False,0.1880660778124934,False,False,False
GENE0692,-0.1872492873236764,False,0.1872492873236764,False,False,False
GENE0057,-0.1871468631137354,False,0.1871468631137354,False,False,False
GENE0358,-0.1857859716127796,False,0.1857859716127796,False,False,False
GENE0751,0.1850787522400434,False,0.1850787522400434,False,False,False
GENE0591,0.1843539817388073,False,0.1843539817388073,False,False,False
GENE0511,0.1827271152835337,False,0.1827271152835337,False,False,False
GENE0652,-0.1819283273981327,False,0.1819283273981327,False,False,False
GENE0767,-0.1812753631353576,False,0.1812753631353576,False,False,False
GENE0288,-0.1805472000197472,False,0.1805472000197472,False,False,False
GENE0054,-0.1797614785405299,False,0.1797614785405299,False,False,False
GENE0777,-0.1794151916039039,False,0.1794151916039039,False,False,False
GENE0740,-0.1789543784315732,False,0.1789543784315732,False,False,False
GENE0410,0.1779139513018783,False,0.1779139513018783,False,False,False
GENE0457,0.1757582327558076,False,0.1757582327558076,False,False,False
GENE0301,-0.1746643292167906,False,0.1746643292167906,False,False,False
GENE0117,0.1739954312472242,False,0.1739954312472242,False,False,False
GENE0153,0.173560625693331,False,0.173560625693331,False,False,False
GENE0163,-0.1730819523741456,False,0.1730819523741456,False,False,False
GENE0309,-0.1715841361903747,False,0.1715841361903747,False,False,False
GENE0688,-0.1707689235171976,False,0.1707689235171976,False,False,False
GENE0299,0.1701087900395395,False,0.1701087900395395,False,False,False
GENE0656,-0.1696898517210678,False,0.1696898517210678,False,False,False
GENE0160,0.1693016454229017,False,0.1693016454229017,False,False,False
GENE0678,-0.1690838038040931,False,0.1690838038040931,False,False,False
GENE0121,0.1688042728250991,False,0.1688042728250991,False,False,False
GENE0620,0.1682706059597292,False,0.1682706059597292,False,False,False
GENE0051,0.1676845480461111,False,0.1676845480461111,False,False,False
GENE0168,0.1669875454347487,False,0.1669875454347487,False,False,False
GENE0314,-0.1666323713921711,False,0.1666323713921711,False,False,False
GENE0339,0.1663610179530055,False,0.1663610179530055,False,False,False
GENE0608,-0.1658928106643964,False,0.1658928106643964,False,False,False
GENE0629,-0.1651342704755913,False,0.1651342704755913,False,False,False
GENE0348,-0.165120337698827,False,0.165120337698827,False,False,False
GENE0727,0.1641155609092743,False,0.1641155609092743,False,False,False
GENE0749,0.163078372025736,False,0.163078372025736,False,False,False
GENE0194,-0.1620311992902117,False,0.1620311992902117,False,False,False
GENE0483,-0.1619701033080023,False,0.1619701033080023,False,False,False
GENE0703,0.1614792020702626,False,0.1614792020702626,False,False,False
GENE0738,-0.1611766633325499,False,0.1611766633325499,False,False,False
GENE0388,-0.1605035519240276,False,0.1605035519240276,False,False,False
GENE0273,0.1603342047602112,False,0.1603342047602112,False,False,False
GENE0073,-0.1587150531567314,False,0.1587150531567314,False,False,False
GENE0342,0.1579451295549248,False,0.1579451295549248,False,False,False
GENE0433,-0.1567156991943221,False,0.1567156991943221,False,False,False
GENE0462,0.1561332238062576,False,0.1561332238062576,False,False,False
GENE0370,0.1558556504235193,False,0.1558556504235193,False,False,False
GENE0507,-0.1557585014420217,False,0.1557585014420217,False,False,False
GENE0414,0.1551837686984374,False,0.1551837686984374,False,False,False
GENE0187,-0.1548502039073946,False,0.1548502039073946,False,False,False
GENE0240,0.1531612491996039,False,0.1531612491996039,False,False,False
GENE0568,0.1529550950572717,False,0.1529550950572717,False,False,False
GENE0189,-0.1527014924051073,False,0.1527014924051073,False,False,False
GENE0789,-0.1505150822913501,False,0.1505150822913501,False,False,False
GENE0754,-0.1503735938605013,False,0.1503735938605013,False,False,False
GENE0782,0.1498906006408304,False,0.1498906006408304,False,False,False
GENE0391,0.1489537863568317,False,0.1489537863568317,False,False,False
GENE0232,0.1479805784781813,False,0.1479805784781813,False,False,False
GENE0372,-0.1477416234957687,False,0.1477416234957687,False,False,False
GENE0565,-0.1471756860486026,False,0.1471756860486026,False,False,False
GENE0083,0.1466107512158521,False,0.1466107512158521,False,False,False
GENE0353,-0.146329141365455,False,0.146329141365455,False,False,False
GENE0566,0.1461564417546261,False,0.1461564417546261,False,False,False
GENE0646,0.145627499266383,False,0.145627499266383,False,False,False
GENE0097,0.1437166039172135,False,0.1437166039172135,False,False,False
GENE0667,-0.1424968257902881,False,0.1424968257902881,False,False,False
GENE0710,-0.1405796039694804,False,0.1405796039694804,False,False,False
GENE0550,-0.1391480611358169,False,0.1391480611358169,False,False,False
GENE0454,0.1381193640859788,False,0.1381193640859788,False,False,False
GENE0290,0.1372592970314485,False,0.1372592970314485,False,False,False
GENE0330,0.1371954851917634,False,0.1371954851917634,False,False,False
GENE0094,0.136772237690864,False,0.136772237690864,False,False,False
GENE0077,0.1365546124743177,False,0.1365546124743177,False,False,False
GENE0443,-0.1365071878311559,False,0.1365071878311559,False,False,False
GENE0493,-0.1352003403360129,False,0.1352003403360129,False,False,False
GENE0224,-0.1350506799293311,False,0.1350506799293311,False,False,False
GENE0473,-0.1346320670746879,False,0.1346320670746879,False,False,False
GENE0653,0.1344994319921459,False,0.1344994319921459,False,False,False
GENE0135,-0.1331236381872047,False,0.1331236381872047,False,False,False
GENE0119,0.1326592170774292,False,0.1326592170774292,False,False,False
GENE0128,-0.1314421169435506,False,0.1314421169435506,False,False,False
GENE0335,-0.1307778326371567,False,0.1307778326371567,False,False,False
GENE0137,0.1298344301084695,False,0.1298344301084695,False,False,False
GENE0581,0.1295729644040157,False,0.1295729644040157,False,False,False
GENE0755,-0.1295340462209955,False,0.1295340462209955,False,False,False
GENE0184,-0.1290745482472921,False,0.1290745482472921,False,False,False
GENE0603,-0.1288647070613029,False,0.1288647070613029,False,False,False
GENE0338,0.1256984238808227,False,0.1256984238808227,False,False,False
GENE0487,-0.1250354664247339,False,0.1250354664247339,False,False,False
GENE0149,-0.1235721078674272,False,0.1235721078674272,False,False,False
GENE0217,-0.1232330467245335,False,0.1232330467245335,False,False,False
GENE0664,0.1228038918455496,False,0.1228038918455496,False,False,False
GENE0421,-0.1226704394154989,False,0.1226704394154989,False,False,False
GENE0785,0.1211551471533249,False,0.1211551471533249,False,False,False
GENE0517,-0.1207265729974276,False,0.1207265729974276,False,False,False
GENE0313,-0.1197984759541856,False,0.1197984759541856,False,False,False
GENE0255,0.1196207754872134,False,0.1196207754872134,False,False,False
GENE0113,0.119232342322757,False,0.119232342322757,False,False,False
GENE0600,0.1186219002787067,False,0.1186219002787067,False,False,False
GENE0068,-0.1176373868129889,False,0.1176373868129889,False,False,False
GENE0091,0.1167338456705975,False,0.1167338456705975,False,False,False
GENE0675,-0.1146063887640034,False,0.1146063887640034,False,False,False
GENE0397,-0.1137063445843002,False,0.1137063445843002,False,False,False
GENE0367,0.1129456071474841,False,0.1129456071474841,False,False,False
GENE0269,0.1129064190037176,False,0.1129064190037176,False,False,False
GENE0744,0.1113845521948508,False,0.1113845521948508,False,False,False
GENE0053,0.1110306715592983,False,0.1110306715592983,False,False,False
GENE0324,0.1105127578108913,False,0.1105127578108913,False,False,False
GENE0417,0.1102641042632699,False,0.1102641042632699,False,False,False
GENE0693,0.1090018622351136,False,0.1090018622351136,False,False,False
GENE0351,-0.1086200509537942,False,0.1086200509537942,False,False,False
GENE0257,-0.1077374734647547,False,0.1077374734647547,False,False,False
GENE0624,0.1066584883269543,False,0.1066584883269543,False,False,False
GENE0220,0.105683666931041,False,0.105683666931041,False,False,False
GENE0670,-0.1055825356940403,False,0.1055825356940403,False,False,False
GENE0438,0.1044164200202262,False,0.1044164200202262,False,False,False
GENE0580,-0.1044101970687814,False,0.1044101970687814,False,False,False
GENE0764,0.1035927879221576,False,0.1035927879221576,False,False,False
GENE0731,-0.1029298195672803,False,0.1029298195672803,False,False,False
GENE0617,0.102655517049472,False,0.102655517049472,False,False,False
GENE0663,0.1024416975817983,False,0.1024416975817983,False,False,False
GENE0252,-0.1021833151279656,False,0.1021833151279656,False,False,False
GENE0704,0.1010447722866505,False,0.1010447722866505,False,False,False
GENE0099,0.1009956108067662,False,0.1009956108067662,False,False,False
GENE0720,-0.1007990610651781,False,0.1007990610651781,False,False,False
GENE0778,-0.0997792763554308,False,0.0997792763554308,False,False,False
GENE0604,0.0964924035609531,False,0.0964924035609531,False,False,False
GENE0271,0.096374006458956,False,0.096374006458956,False,False,False
GENE0052,0.0953039422818449,False,0.0953039422818449,False,False,False
GENE0497,0.0942831757610553,False,0.0942831757610553,False,False,False
GENE0654,0.0923336887729409,False,0.0923336887729409,False,False,False
GENE0123,-0.0918813192170793,False,0.0918813192170793,False,False,False
GENE0551,-0.091830386102079,False,0.091830386102079,False,False,False
GENE0554,0.0898664321398614,False,0.0898664321398614,False,False,False
GENE0452,-0.0896016283737637,False,0.0896016283737637,False,False,False
GENE0540,-0.0891058290838886,False,0.0891058290838886,False,False,False
GENE0430,-0.0879290285644636,False,0.0879290285644636,False,False,False
GENE0639,0.0876609476288017,False,0.0876609476288017,False,False,False
GENE0774,0.0873502106461119,False,0.0873502106461119,False,False,False
GENE0701,0.0867355125744682,False,0.0867355125744682,False,False,False
GENE0231,0.0865721926314329,False,0.0865721926314329,False,False,False
GENE0173,-0.0864003100296813,False,0.0864003100296813,False,False,False
GENE0267,0.0861766377090802,False,0.0861766377090802,False,False,False
GENE0122,0.0853419253124858,False,0.0853419253124858,False,False,False
GENE0333,-0.0850315996420674,False,0.0850315996420674,False,False,False
GENE0234,-0.0849214803344224,False,0.0849214803344224,False,False,False
GENE0448,-0.0843951192875245,False,0.0843951192875245,False,False,False
GENE0502,-0.0833618759388672,False,0.0833618759388672,False,False,False
GENE0235,-0.0830477727321419,False,0.0830477727321419,False,False,False
GENE0332,0.0826614931631679,False,0.0826614931631679,False,False,False
GENE0373,-0.0821180179429319,False,0.0821180179429319,False,False,False
GENE0723,0.0805127770391163,False,0.0805127770391163,False,False,False
GENE0780,0.0775700924852733,False,0.0775700924852733,False,False,False
GENE0283,0.0772913266048895,False,0.0772913266048895,False,False,False
GENE0209,0.0768575027552174,False,0.0768575027552174,False,False,False
GENE0331,0.0757603898513865,False,0.0757603898513865,False,False,False
GENE0115,0.0742879420578255,False,0.0742879420578255,False,False,False
GENE0140,0.0740423069169597,False,0.0740423069169597,False,False,False
GENE0599,-0.0733713935609872,False,0.0733713935609872,False,False,False
GENE0110,-0.073050601119851,False,0.073050601119851,False,False,False
GENE0216,-0.0718743513221049,False,0.0718743513221049,False,False,False
GENE0758,-0.0710023390597394,False,0.0710023390597394,False,False,False
GENE0058,-0.0708331464865734,False,0.0708331464865734,False,False,False
GENE0050,-0.0685636380987073,False,0.0685636380987073,False,False,False
GENE0512,0.0685606775760794,False,0.0685606775760794,False,False,False
GENE0786,0.0685397404024588,False,0.0685397404024588,False,False,False
GENE0295,-0.068240945840083,False,0.068240945840083,False,False,False
GENE0616,0.0681954349703026,False,0.0681954349703026,False,False,False
GENE0098,-0.0652789792329784,False,0.0652789792329784,False,False,False
GENE0143,0.0650910200725407,False,0.0650910200725407,False,False,False
GENE0146,0.0600833429395617,False,0.0600833429395617,False,False,False
GENE0533,0.0600426300812531,False,0.0600426300812531,False,False,False
GENE0406,0.0599743046231671,False,0.0599743046231671,False,False,False
GENE0360,-0.0598331563936067,False,0.0598331563936067,False,False,False
GENE0114,0.0583484596742529,False,0.0583484596742529,False,False,False
GENE0659,-0.0580956270763977,False,0.0580956270763977,False,False,False
GENE0496,0.0580406529902912,False,0.0580406529902912,False,False,False
GENE0445,-0.0555670553535163,False,0.0555670553535163,False,False,False
GENE0175,-0.0542698796350862,False,0.0542698796350862,False,False,False
GENE0396,0.0530082321354674,False,0.0530082321354674,False,False,False
GENE0665,-0.0526060432968407,False,0.0526060432968407,False,False,False
GENE0171,-0.0508343039938443,False,0.0508343039938443,False,False,False
GENE0523,0.0494265411035215,False,0.0494265411035215,False,False,False
GENE0498,-0.0478119203462181,False,0.0478119203462181,False,False,False
GENE0621,0.0474119151061591,False,0.0474119151061591,False,False,False
GENE0459,-0.045884986672803,False,0.045884986672803,False,False,False
GENE0567,-0.0405856045970063,False,0.0405856045970063,False,False,False
GENE0455,-0.0403783201946597,False,0.0403783201946597,False,False,False
GENE0686,-0.0364486449870025,False,0.0364486449870025,False,False,False
GENE0527,-0.036434441132914,False,0.036434441132914,False,False,False
GENE0161,-0.0363216739251832,False,0.0363216739251832,False,False,False
GENE0382,-0.0361642186233508,False,0.0361642186233508,False,False,False
GENE0242,-0.0347056197892756,False,0.0347056197892756,False,False,False
GENE0148,0.0345105743466067,False,0.0345105743466067,False,False,False
GENE0444,-0.033285011392043,False,0.033285011392043,False,False,False
GENE0492,-0.0324084264506092,False,0.0324084264506092,False,False,False
GENE0416,-0.03204969476295,False,0.03204969476295,False,False,False
GENE0612,-0.0306427850339723,False,0.0306427850339723,False,False,False
GENE0422,0.0285913909778301,False,0.0285913909778301,False,False,False
GENE0560,0.0285531019729177,False,0.0285531019729177,False,False,False
GENE0212,-0.0284750743913058,False,0.0284750743913058,False,False,False
GENE0192,-0.0283306472560056,False,0.0283306472560056,False,False,False
GENE0329,0.0279653676607818,False,0.0279653676607818,False,False,False
GENE0471,-0.0272127487526292,False,0.0272127487526292,False,False,False
GENE0743,0.02652226622794,False,0.02652226622794,False,False,False
GENE0131,0.0260025791859979,False,0.0260025791859979,False,False,False
GENE0739,0.0256065481956433,False,0.0256065481956433,False,False,False
GENE0303,-0.0254948386024418,False,0.0254948386024418,False,False,False
GENE0238,0.0249986992549127,False,0.0249986992549127,False,False,False
GENE0750,-0.0242304085164963,False,0.0242304085164963,False,False,False
GENE0702,-0.02414237522507,False,0.02414237522507,False,False,False
GENE0559,0.0237995720751253,False,0.0237995720751253,False,False,False
GENE0572,-0.0234274564847272,False,0.0234274564847272,False,False,False
GENE0534,-0.0230979496623868,False,0.0230979496623868,False,False,False
GENE0280,-0.0229957190139913,False,0.0229957190139913,False,False,False
GENE0133,-0.022873086286637,False,0.022873086286637,False,False,False
GENE0585,-0.0224283921890533,False,0.0224283921890533,False,False,False
GENE0522,-0.0211958813598904,False,0.0211958813598904,False,False,False
GENE0771,-0.0211094897355721,False,0.0211094897355721,False,False,False
GENE0363,0.0190968117277749,False,0.0190968117277749,False,False,False
GENE0222,0.0186909838392912,False,0.0186909838392912,False,False,False
GENE0651,-0.0185094610263938,False,0.0185094610263938,False,False,False
GENE0383,-0.0172023603438038,False,0.0172023603438038,False,False,False
GENE0773,-0.0158401113346897,False,0.0158401113346897,False,False,False
GENE0520,0.0139640843276582,False,0.0139640843276582,False,False,False
GENE0541,-0.013370113527757,False,0.013370113527757,False,False,False
GENE0589,-0.012983904209225,False,0.012983904209225,False,False,False
GENE0401,-0.0127807145507148,False,0.0127807145507148,False,False,False
GENE0449,0.0108218422542583,False,0.0108218422542583,False,False,False
GENE0258,-0.0094735218552362,False,0.0094735218552362,False,False,False
GENE0728,0.0094300456739819,False,0.0094300456739819,False,False,False
GENE0265,0.0084487338455332,False,0.0084487338455332,False,False,False
GENE0530,0.0081791599296616,False,0.0081791599296616,False,False,False
GENE0595,0.0044001201105174,False,0.0044001201105174,False,False,False
GENE0440,-0.0040891235929372,False,0.0040891235929372,False,False,False
GENE0588,0.004043899563908,False,0.004043899563908,False,False,False
GENE0441,0.0015632924596085,False,0.0015632924596085,False,False,False
GENE0514,-0.0014253776743293,False,0.0014253776743293,False,False,False
GENE0508,0.0004119690812673,False,0.0004119690812673,False,False,False
